Title,URL,Description
Free Ice Breaker Games — 100+ Rules & Filters (2026),https://www.icebreakergames.site,"Browse 100+ free ice breaker games with clear rules, time, group size, and materials. Filter by occasion and run one today—no signup required."
About Ice Breaker Games,https://www.icebreakergames.site/about,"Ice Breaker Games publishes facilitator-ready icebreaker activities for meetings, virtual teams, classrooms, and youth groups."
"Best Icebreaker Games (Free) | Team Building, Meetings & Virtual",https://www.icebreakergames.site/best-icebreaker-games,"Explore the best icebreaker games for work, team building, meetings, and virtual sessions. Fast, facilitator-friendly picks with players, time, and step-by-step rules."
"Free Fun Icebreaker Games (No Signup, No Cringe)",https://www.icebreakergames.site/free-fun-icebreaker-games,"Free fun icebreaker games you can run today—no signup. Twelve facilitator run cards with a chooser for meetings, small groups, and Zoom, plus what to skip."
Free Icebreaker Guides & Printables | Meetings & Classrooms,https://www.icebreakergames.site/blog,"Free icebreaker guides for meetings, adults, students, and holidays—plus printable Human Bingo and facilitation tips you can run in your next session."
Contact Ice Breaker Games,https://www.icebreakergames.site/contact,"Contact the Ice Breaker Games editorial team for corrections, facilitation questions, or partnership inquiries."
Emoji Icebreaker Games and Check-In Activities for Meetings,https://www.icebreakergames.site/emoji-icebreaker-games,"Use emoji icebreaker games for quick meeting check-ins, remote team warmups, classrooms, and low-pressure introductions. Includes prompts, rules, and facilitation tips."
12 Funny Ice Breaker Games for Meetings (2026),https://www.icebreakergames.site/funny-icebreaker-games-for-meetings,"Funny ice breaker games for meetings that get real laughs without cringe—12 professional openers with players, time, rules, silly scenes, and facilitator notes."
100+ Free Ice Breaker Games | Filter by Time & Size,https://www.icebreakergames.site/games,"Filter 100+ free ice breaker games by minutes, players, and audience. Open step-by-step rules for meetings, work, Zoom, and classrooms—start in under a minute."
12 Games Like Human Bingo (2026) | Networking Icebreakers,https://www.icebreakergames.site/games-like-human-bingo,"Looking for games like Human Bingo? Compare 12 mingling and networking icebreakers with players, time, rules, prompts, and facilitator tips for events and teams."
12 Games Like the Human Knot (2026),https://www.icebreakergames.site/games-like-the-human-knot,"Games Like the Human Knot for teams: 12 physical icebreakers with players, time, rules, safer variations, and facilitator tips."
12 Games Like Two Truths and a Lie (2026),https://www.icebreakergames.site/games-like-two-truths-and-a-lie,"Compare 12 games like Two Truths and a Lie for work, class, and Zoom—with rules, timing, and safer no-lie options."
Icebreaker Games for Church (Chooser + 12 Run Cards),https://www.icebreakergames.site/icebreaker-games-for-church,"Pick a church-safe icebreaker by room type, group size, and visitor comfort. Twelve facilitator run cards with time, supplies, and what to skip."
Icebreaker Games for Church Youth Group (That Don't Feel Awkward),https://www.icebreakergames.site/icebreaker-games-for-church-youth-group,"Church youth group icebreakers with a chooser for energy, shy teens, and visitors—plus 12 run cards, faith-optional twists, and what to skip on week one."
Icebreaker Games for Church Small Groups (Living Room Ready),https://www.icebreakergames.site/icebreaker-games-for-church-small-groups,"Church small-group icebreakers for home Bible studies and living-room circles—12 seated run cards, a visitor-safe chooser, and what to skip before prayer."
Church Icebreaker Questions (Visitor-Safe Prompt Bank),https://www.icebreakergames.site/church-icebreaker-questions,"Church icebreaker questions for small groups, youth, and Bible study—organized by depth, with funny options, a pass rule, and what to skip on week one."
14 Ice Breaker Games for High School Students (2026),https://www.icebreakergames.site/icebreaker-games-for-high-school-students,"Ice breaker games for high school students: 14 classroom-safe openers for advisory, first day, clubs, and PE—with players, time, rules, and facilitator tips."
14 Ice Breaker Games for Meetings (2026),https://www.icebreakergames.site/icebreaker-games-for-meetings,"Ice breaker games for meetings: 14 quick, low-pressure openers for standups, workshops, and team meetings—with players, time, rules, and facilitator scripts."
14 Ice Breaker Games for Small Groups (2026),https://www.icebreakergames.site/icebreaker-games-for-small-groups,"Ice breaker games for small groups of 4–12 people. Fourteen facilitator-ready openers with players, time, rules, variations, and safety notes for meetings, classes, and retreats."
14 Ice Breaker Games for Teens (2026),https://www.icebreakergames.site/icebreaker-games-for-teens,"Ice breaker games for teens: 14 age-appropriate openers for classrooms, youth nights, and clubs—with players, time, rules, safety notes, and variations."
Icebreaker Games for Work | Quick Team Activities for Meetings,https://www.icebreakergames.site/icebreaker-games-for-work,"Practical icebreaker games for work meetings, workshops, and team building. Quick picks by time and group size, with step-by-step rules and facilitation tips."
14 Ice Breaker Games for Youth Group (2026),https://www.icebreakergames.site/icebreaker-games-for-youth-group,"Ice breaker games for youth group nights, retreats, and small groups. 14 facilitator-ready activities with players, time, rules, safety notes, and variations."
12 Icebreakers for Teens That Actually Work (2026),https://www.icebreakergames.site/icebreakers-for-teens,"Icebreakers for teens: 12 age-fit openers for shy, energetic, and mixed groups—with players, time, rules, safety notes, and how to pick by personality."
Name Game Icebreakers: Fun Name Games for Groups and Students,https://www.icebreakergames.site/name-game-icebreakers,"Find name game icebreakers for students, teams, teens, and large groups. Includes how to play The Name Game, examples, variations, and facilitation tips."
Privacy Policy | Ice Breaker Games,https://www.icebreakergames.site/privacy-policy,Privacy Policy for Ice Breaker Games website.
12 Riddle Icebreakers for Virtual Meetings (2026),https://www.icebreakergames.site/riddle-icebreakers-for-virtual-meetings,"Riddle icebreakers for virtual meetings: 12 Zoom-friendly puzzle warm-ups with players, time, rules, facilitator scripts, and safer variations."
14 Short Virtual Icebreakers & 5-Minute Zoom Warm-Ups (2026),https://www.icebreakergames.site/short-virtual-icebreakers,"Short virtual icebreakers and 5 minute ice breakers for virtual meetings. Fourteen Zoom-ready warm-ups with players, time, rules, and facilitator tips."
Terms of Service | Ice Breaker Games,https://www.icebreakergames.site/tos,Terms of Service for Ice Breaker Games website.
14 Virtual Ice Breaker Games (2026),https://www.icebreakergames.site/virtual-icebreaker-games,"Virtual ice breaker games for Zoom, Teams, and online meetings—14 inclusive activities with players, time, rules, facilitator tips, and links to short & riddle warm-ups."
Christmas Table Icebreaker Games - 15 Fun Holiday Activities,https://www.icebreakergames.site/blog/christmas-table-icebreaker-games,Discover 15 engaging Christmas table icebreaker games perfect for holiday dinners. Easy-to-play activities that keep guests entertained while seated.
Fun Icebreaker Games: Ultimate Guide for Teams,https://www.icebreakergames.site/blog/fun-icebreaker-games-ultimate-guide,"Discover engaging fun icebreaker games that energize teams and build connections. Expert tips, proven activities, and step-by-step guides."
Human Bingo for Students Printable: 3 Ready-to-Print Cards,https://www.icebreakergames.site/blog/human-bingo-for-students-printable,"Download and print student-friendly Human Bingo cards for class, orientation, and first day of school activities, with prompts that work for high school, college, and mixed groups."
Icebreaker Games for Adults That Actually Work,https://www.icebreakergames.site/blog/ice-breaker-games-for-adults,"Discover tested icebreaker games for adult groups of all sizes, with quick no-prep, large-group, and online options plus clear steps and practical tips."
Icebreaker Games for Adults: Large Groups,https://www.icebreakergames.site/blog/ice-breaker-games-for-adults-large-groups,"Practical icebreaker games for large adult groups of 30–100+ people, with high-energy, low-prep and seated options plus facilitation tips."
Ice Breaker Games for Meetings: 2025 Ultimate Guide,https://www.icebreakergames.site/blog/ice-breaker-games-for-meetings,"Discover the best ice breaker games for meetings to energize your team. Our 2025 guide features top activities for virtual, hybrid, and in-person gatherings."
Icebreaker Games for Students That Actually Work in Class,https://www.icebreakergames.site/blog/icebreaker-games-for-students,"Icebreaker Games for Students for class, high school, college, and online learning, with non-cheesy ideas, low-prep picks, and a teacher-friendly comparison table."
Effective Icebreaker Games Tips: Expert Guide for Teams,https://www.icebreakergames.site/blog/tips-for-running-effective-icebreakers,"Master icebreaker games with proven tips from experts. Learn to choose, facilitate & engage teams with professional activities for meetings & events."
Two Truths and a Lie for Students Printable: Classroom Worksheets,https://www.icebreakergames.site/blog/two-truths-and-a-lie-for-students-printable,"Print student-safe Two Truths and a Lie worksheets for class, advisory, and orientation—with example statements and teacher tips."
10 Things in Common,https://www.icebreakergames.site/games/10-things-in-common,"Pairs find ten commonalities beyond the obvious, encouraging conversation and discovery."
5 4 3 2 1 Grounding Technique,https://www.icebreakergames.site/games/5-4-3-2-1-grounding-technique,"How to play 5 4 3 2 1 Grounding Technique: rules, players, time, and facilitator tips."
Alliterative Name Game,https://www.icebreakergames.site/games/alliterative-name-game,Name plus themed alliteration; sequence builds memory as each person repeats and adds.
Apple Orange And Banana,https://www.icebreakergames.site/games/apple-orange-and-banana,"How to play Apple Orange And Banana: rules, players, time, and facilitator tips."
Appreciation Circle,https://www.icebreakergames.site/games/appreciation-circle,Participants sit in a circle and take turns sharing something they appreciate about others. Creates a positive atmosphere and strengthens relationships.
Around The World Traditions,https://www.icebreakergames.site/games/around-the-world-traditions,"How to play Around The World Traditions: rules, players, time, and facilitator tips."
Bang,https://www.icebreakergames.site/games/bang,"How to play Bang: rules, players, time, and facilitator tips."
Beach Ball Q&A,https://www.icebreakergames.site/games/beach-ball-qa,"How to play Beach Ball Q&A: rules, players, time, and facilitator tips."
Blind Name-Tag,https://www.icebreakergames.site/games/blind-name-tag,"Wear name-tags on backs; mingle and guess identities with clues, creating laughter and quick intros."
Category Mixer,https://www.icebreakergames.site/games/category-mixer,"Call out a category; participants mingle to find others who match, then share mini-stories."
Chainlink,https://www.icebreakergames.site/games/chainlink,"How to play Chainlink: link a shared trait, add a new fact, and build an introduction chain. 8–40 players, 10–15 minutes."
Chat Waterfall,https://www.icebreakergames.site/games/chat-waterfall,"How to play Chat Waterfall: rules, players, time, and facilitator tips."
Christmas Connection,https://www.icebreakergames.site/games/christmas-connection,"How to play Christmas Connection: rules, players, time, and facilitator tips."
Christmas Pick A Side,https://www.icebreakergames.site/games/christmas-pick-a-side,"How to play Christmas Pick A Side: rules, players, time, and facilitator tips."
Christmas Roll Poll,https://www.icebreakergames.site/games/christmas-roll-poll,"How to play Christmas Roll Poll: rules, players, time, and facilitator tips."
Common Ground,https://www.icebreakergames.site/games/common-ground,Small groups work together to find things they all have in common. Builds team cohesion and reveals unexpected connections.
Count Up,https://www.icebreakergames.site/games/count-up,"How to play Count Up: rules, players, time, and facilitator tips."
Crazy Handshake,https://www.icebreakergames.site/games/crazy-handshake,"How to play Crazy Handshake: rules, players, time, and facilitator tips."
Crossword Names,https://www.icebreakergames.site/games/crossword-names,"Create a name ""crossword"" by intersecting letters of participants’ names, helping name recall and connection."
Desert Island,https://www.icebreakergames.site/games/desert-island,"How to play Desert Island: rules, players, time, and facilitator tips."
Desert Island Scenario,https://www.icebreakergames.site/games/desert-island-scenario,Participants imagine they're stranded on a desert island and must choose three items to bring. Reveals personality traits and priorities.
Dicebreakers,https://www.icebreakergames.site/games/dicebreakers,Roll a die to select conversation prompts; share brief responses to build meaningful connections.
Diversity Bingo,https://www.icebreakergames.site/games/diversity-bingo,"How to play Diversity Bingo: rules, players, time, and facilitator tips."
Emoji Check In,https://www.icebreakergames.site/games/emoji-check-in,"How to play Emoji Check In: rules, players, time, and facilitator tips."
Emoji Introduction,https://www.icebreakergames.site/games/emoji-introduction,"How to play Emoji Introduction: share 2–3 emojis, guess once, explain in one sentence. Virtual-friendly for 5–30 people in 5–15 minutes."
Fantasy Vacation,https://www.icebreakergames.site/games/fantasy-vacation,"Participants share dream travel destinations and activities, discovering interests and sparking conversation."
Find Your Match,https://www.icebreakergames.site/games/find-your-match,Participants receive cards with one half of a famous pair. They must find their matching partner by asking questions without directly stating what's on their card.
Group Map,https://www.icebreakergames.site/games/group-map,"How to play Group Map: rules, players, time, and facilitator tips."
Guess That Team Member,https://www.icebreakergames.site/games/guess-that-team-member,"Read anonymous facts and guess who they belong to, building curiosity and fun discovery."
Guess The Gift By Sound,https://www.icebreakergames.site/games/guess-the-gift-by-sound,"How to play Guess The Gift By Sound: rules, players, time, and facilitator tips."
Guess Who,https://www.icebreakergames.site/games/guess-who,"Participants submit quirky facts; the group guesses who each fact belongs to, encouraging curiosity and interaction."
Guess Who (Personal Trivia),https://www.icebreakergames.site/games/guess-who-personal-trivia,"Players submit unique facts; the group guesses the author of each fact, building curiosity, rapport, and quick personal connections."
Have You Ever Stand Up If,https://www.icebreakergames.site/games/have-you-ever-stand-up-if,"How to play Have You Ever Stand Up If: rules, players, time, and facilitator tips."
Helium Stick,https://www.icebreakergames.site/games/helium-stick,"How to play Helium Stick: rules, players, time, and facilitator tips."
Holiday Bingo,https://www.icebreakergames.site/games/holiday-bingo,"How to play Holiday Bingo: rules, players, time, and facilitator tips."
Holiday Fortunes,https://www.icebreakergames.site/games/holiday-fortunes,"How to play Holiday Fortunes: rules, players, time, and facilitator tips."
Human Bingo,https://www.icebreakergames.site/games/human-bingo,Participants receive bingo cards with various characteristics or experiences in each square. They must find people who match each description and get their signatures.
Human Knot,https://www.icebreakergames.site/games/human-knot,Form a tangled circle by holding hands with two non-adjacent people; untangle without letting go.
Icebreaker Bingo,https://www.icebreakergames.site/games/icebreaker-bingo,"Players mingle to find colleagues who match prompts on Bingo squares; first to complete a line wins, encouraging conversation and rapid introductions."
If Then,https://www.icebreakergames.site/games/if-then,"Participants complete playful ""If I were..., then I would..."" prompts to spark imagination and rapport."
Invention Pitch,https://www.icebreakergames.site/games/invention-pitch,"Small groups pitch playful inventions to judges, encouraging creativity, storytelling, and persuasive skills."
Line-Up,https://www.icebreakergames.site/games/line-up,"A non-verbal ordering challenge where participants silently arrange themselves by a given criterion, building focus, teamwork, and observational communication."
Marshmallow Challenge,https://www.icebreakergames.site/games/marshmallow-challenge,"Teams build the tallest spaghetti tower that can support a marshmallow, practicing prototyping and teamwork."
Message Under A Plate,https://www.icebreakergames.site/games/message-under-a-plate,"How to play Message Under A Plate: rules, players, time, and facilitator tips."
Minefield,https://www.icebreakergames.site/games/minefield,"How to play Minefield: rules, players, time, and facilitator tips."
Motion Name-Game,https://www.icebreakergames.site/games/motion-name-game,"Learn names with a unique motion attached to each person, reinforcing memory through movement."
Mystery Envelope,https://www.icebreakergames.site/games/mystery-envelope,Surprise prompts or mini-challenges are drawn from envelopes; participants discuss or act them out to spark laughs and interaction.
Name Game,https://www.icebreakergames.site/games/name-game,"How to play Name Game: rules, players, time, and facilitator tips."
Name That Movie Quote,https://www.icebreakergames.site/games/name-that-movie-quote,"Quote a line from a movie; the group guesses the film, creating playful competition and shared references."
Near and Far,https://www.icebreakergames.site/games/near-and-far,"A movement-based warm-up where participants position themselves near or far from prompts, sparking discussion on group dynamics, assumptions, and perspectives."
Never Have I Ever,https://www.icebreakergames.site/games/never-have-i-ever,"Participants share things they’ve never done; others indicate if they have, creating light-hearted discovery."
News Headline Warm-up,https://www.icebreakergames.site/games/news-headline-warm-up,Create a catchy news headline about the meeting topic to prime brainstorming and focus.
One Word At A Time,https://www.icebreakergames.site/games/one-word-at-a-time,"How to play One Word At A Time: rules, players, time, and facilitator tips."
One Word Check-In,https://www.icebreakergames.site/games/one-word-check-in,A quick activity where each person shares one word that describes how they're feeling. Perfect for starting meetings or training sessions.
Ornament Guess,https://www.icebreakergames.site/games/ornament-guess,"How to play Ornament Guess: rules, players, time, and facilitator tips."
Paper Bag Pickup,https://www.icebreakergames.site/games/paper-bag-pickup,A playful balance challenge: pick up a paper bag from the floor without using hands on the ground.
Passions Tic Tac Toe,https://www.icebreakergames.site/games/passions-tic-tac-toe,"How to play Passions Tic Tac Toe: rules, players, time, and facilitator tips."
Photo Booth Prompt Jar,https://www.icebreakergames.site/games/photo-booth-prompt-jar,"How to play Photo Booth Prompt Jar: rules, players, time, and facilitator tips."
Picture Sharing,https://www.icebreakergames.site/games/picture-sharing,"Share a meaningful photo to introduce hobbies, values, or aspirations; discuss briefly."
Portrait Gallery,https://www.icebreakergames.site/games/portrait-gallery,"How to play Portrait Gallery: rules, players, time, and facilitator tips."
Pterodactyl,https://www.icebreakergames.site/games/pterodactyl,"Say ""pterodactyl"" while hiding teeth with lips; roaring changes direction; showing teeth eliminates."
Reception Line,https://www.icebreakergames.site/games/reception-line,"Two facing lines answer quick prompts and rotate, enabling fast-paced introductions and sharing."
Remote Change 3 Things,https://www.icebreakergames.site/games/remote-change-3-things,"How to play Remote Change 3 Things: rules, players, time, and facilitator tips."
Rock Paper Scissors Tournament,https://www.icebreakergames.site/games/rock-paper-scissors-tournament,"A high-energy elimination bracket using Rock–Paper–Scissors, where losers become fans who cheer for winners, quickly energizing any group."
Runners Seerrunnerbuilder,https://www.icebreakergames.site/games/runners-seerrunnerbuilder,"How to play Runners Seerrunnerbuilder: rules, players, time, and facilitator tips."
Scavenger Hunt,https://www.icebreakergames.site/games/scavenger-hunt,"Participants race to find specific items or complete challenges within a time limit. Promotes teamwork, creativity, and friendly competition."
Security Audit Probe Do Not Keep,https://www.icebreakergames.site/games/security-audit-probe-do-not-keep,"How to play Security Audit Probe Do Not Keep: rules, players, time, and facilitator tips."
Share A Favorite Holiday Memory,https://www.icebreakergames.site/games/share-a-favorite-holiday-memory,"How to play Share A Favorite Holiday Memory: rules, players, time, and facilitator tips."
Show and Tell,https://www.icebreakergames.site/games/show-and-tell,Participants bring an object that's meaningful to them and share its story. Creates deeper connections and reveals personal values.
Sing-Off,https://www.icebreakergames.site/games/sing-off,Teams alternate singing songs containing a theme word; eliminates repeats; everyone participates.
Six Word Memoirs,https://www.icebreakergames.site/games/six-word-memoirs,"Each participant summarizes their life in six words, then shares and discusses choices, sparking curiosity and deeper conversation."
Skittles Sharing,https://www.icebreakergames.site/games/skittles-sharing,"Assign prompts to candy colors; participants answer based on colors they pick, encouraging varied sharing."
Skribbl (Pictionary Online),https://www.icebreakergames.site/games/skribbl-pictionary-online,An online drawing-and-guessing game that builds quick thinking and teamwork in remote settings.
Sole Mate,https://www.icebreakergames.site/games/sole-mate,Quick partner-matching game using simple tokens or halves to form random pairs for activities.
Speed Dating Icebreaker,https://www.icebreakergames.site/games/speed-dating-icebreaker,"How to play Speed Dating Icebreaker: rules, players, time, and facilitator tips."
Speed Networking,https://www.icebreakergames.site/games/speed-networking,"Participants pair up for quick one-on-one conversations, then rotate to meet new people. Great for conferences and large networking events."
Story Swap,https://www.icebreakergames.site/games/story-swap,"Pairs exchange short personal stories using visual prompts, building trust, listening, and creativity."
Take a Picture of Your Shoes,https://www.icebreakergames.site/games/take-a-picture-of-your-shoes,"Participants share a photo of their shoes and a brief story, creating quick personal connections and light humor in virtual or hybrid meetings."
Team Superpower Collage,https://www.icebreakergames.site/games/team-superpower-collage,"Participants create a visual collage showing imagined team superpowers, boosting creativity and identity."
Telephone Charades,https://www.icebreakergames.site/games/telephone-charades,"Blend of telephone and charades: act a prompt down a line; last person guesses, often hilariously."
Telephone Charades (Lines),https://www.icebreakergames.site/games/telephone-charades-lines,Two lines act prompts down the chain; last players guess original; great for large groups.
The Check-In,https://www.icebreakergames.site/games/the-check-in,"A brief emotional or energy check-in where participants share how they feel, helping teams arrive and align."
The Great Christmas Candy Pass,https://www.icebreakergames.site/games/the-great-christmas-candy-pass,"How to play The Great Christmas Candy Pass: rules, players, time, and facilitator tips."
The Movie Pitch Icebreaker,https://www.icebreakergames.site/games/the-movie-pitch-icebreaker,"How to play The Movie Pitch Icebreaker: rules, players, time, and facilitator tips."
The Name Game,https://www.icebreakergames.site/games/the-name-game,A memory game where each person says their name along with an adjective that starts with the same letter. Helps with name retention in new groups.
The Question Web,https://www.icebreakergames.site/games/the-question-web,"Using a ball of yarn, participants toss it to each other while asking questions. The yarn creates a physical web showing connections between people."
This or That Questions,https://www.icebreakergames.site/games/this-or-that-questions,Quick binary-choice prompts (this or that) to reveal preferences and warm up discussion.
Topics Tables,https://www.icebreakergames.site/games/topics-tables,"How to play Topics Tables: rules, players, time, and facilitator tips."
Train Wreck,https://www.icebreakergames.site/games/train-wreck,Circle of chairs game with movement triggers; players swap seats when statements apply; high-energy mixer.
Two Truths and a Dream,https://www.icebreakergames.site/games/two-truths-and-a-dream,"A twist on ""Two truths and a lie"": share two facts and one aspiration to inspire connection."
Two Truths and a Lie,https://www.icebreakergames.site/games/two-truths-and-a-lie,A classic ice breaker where each person shares three statements about themselves - two true and one false. The group tries to guess which statement is the lie.
Two Truths And A Tinsel,https://www.icebreakergames.site/games/two-truths-and-a-tinsel,"How to play Two Truths And A Tinsel: rules, players, time, and facilitator tips."
Two Truths And One Lie,https://www.icebreakergames.site/games/two-truths-and-one-lie,"How to play Two Truths And One Lie: rules, players, time, and facilitator tips."
Unique And Shared,https://www.icebreakergames.site/games/unique-and-shared,"How to play Unique And Shared: rules, players, time, and facilitator tips."
Virtual Background Story,https://www.icebreakergames.site/games/virtual-background-story,"Perfect for online meetings, participants choose creative or unusual virtual backgrounds and share the story behind their choice."
Weather Check-In,https://www.icebreakergames.site/games/weather-check-in,How to run Weather Check-In: a 3–8 minute mood check using weather metaphors for meetings and remote teams.
What Are You Bringing To The Meeting,https://www.icebreakergames.site/games/what-are-you-bringing-to-the-meeting,"How to play What Are You Bringing To The Meeting: rules, players, time, and facilitator tips."
Whats On Your Phone Christmas Edition,https://www.icebreakergames.site/games/whats-on-your-phone-christmas-edition,"How to play Whats On Your Phone Christmas Edition: rules, players, time, and facilitator tips."
Wheel of Fortune Introductions,https://www.icebreakergames.site/games/wheel-of-fortune-introductions,"Use a virtual wheel with fun prompts; participants spin and answer, fostering playful introductions and engagement."
Where Do We Come From & What Is Famous?,https://www.icebreakergames.site/games/where-do-we-come-from-what-is-famous,"Participants share hometowns or backgrounds and what’s famous there, building cultural awareness and personal connection."
Would You Rather,https://www.icebreakergames.site/games/would-you-rather,"Participants answer a series of Would you rather questions, choosing between two options. Reveals preferences and sparks fun debates."
Would You Rather (Training),https://www.icebreakergames.site/games/would-you-rather-training,Pose light dilemmas related to training context; participants choose and explain reasoning.
Year Of The Coin,https://www.icebreakergames.site/games/year-of-the-coin,Draw a coin with a year; share a memory from that year to spark stories and connection.
